{"cameraMode":{"drawMode":0,"name":"Shaded","section":"Shading Mode"},"sceneLighting":true,"audioPlay":false,"sceneViewState":{"m_AlwaysRefresh":false,"showFog":true,"showSkybox":true,"showFlares":true,"showImageEffects":true,"showParticleSystems":true,"showVisualEffectGraphs":true,"m_FxEnabled":true},"in2DMode":false,"pivot":{"x":2.830601930618286,"y":24.374780654907228,"z":-18.964326858520509},"rotation":{"x":0.6498557925224304,"y":-0.002280168468132615,"z":0.0019495667656883598,"w":0.760051965713501},"size":10.343835830688477,"orthographic":false}