{"cameraMode":{"drawMode":0,"name":"Shaded","section":"Shading Mode"},"sceneLighting":true,"audioPlay":false,"sceneViewState":{"m_AlwaysRefresh":false,"showFog":true,"showSkybox":true,"showFlares":true,"showImageEffects":true,"showParticleSystems":true,"showVisualEffectGraphs":true,"m_FxEnabled":true},"in2DMode":false,"pivot":{"x":460.5675964355469,"y":1300.342529296875,"z":-1761.7091064453125},"rotation":{"x":0.296303927898407,"y":0.02148718200623989,"z":-0.006668187212198973,"w":0.9548308253288269},"size":20.418123245239259,"orthographic":false}