{"cameraMode":{"drawMode":0,"name":"Shaded","section":"Shading Mode"},"sceneLighting":true,"audioPlay":false,"sceneViewState":{"m_AlwaysRefresh":false,"showFog":true,"showSkybox":true,"showFlares":true,"showImageEffects":true,"showParticleSystems":true,"showVisualEffectGraphs":true,"m_FxEnabled":true},"in2DMode":false,"pivot":{"x":-11.3539457321167,"y":18.314804077148439,"z":-16.81892967224121},"rotation":{"x":0.6371951103210449,"y":0.00809193029999733,"z":-0.0066908011212944988,"w":0.7706317901611328},"size":10.343835830688477,"orthographic":false}